Month,Release,Module,Epic,Story,Task,Story_Points,Priority,Value_Proposition,Dependencies
Month 2,Residential MVP,Residential - Customer,Customer Entity,Customer CRUD,Create customer data model,5,P0,Core customer data,Configure database
Month 2,Residential MVP,Residential - Customer,Customer Entity,Customer CRUD,Build customer list view,5,P0,Customer overview,Create model
Month 2,Residential MVP,Residential - Customer,Customer Entity,Customer CRUD,Build customer detail page,8,P0,Customer 360Â°,Build list
Month 2,Residential MVP,Residential - Customer,Customer Entity,Customer CRUD,Create add/edit forms,5,P0,Customer management,Create model
Month 2,Residential MVP,Residential - Customer,Customer Search,Customer Search,Implement search functionality,3,P1,Find customers quickly,Build list
Month 2,Residential MVP,Residential - Territory,Territory Management,Territory Assignment,Create territory data model,3,P0,Territory mapping,Configure database
Month 2,Residential MVP,Residential - Territory,Territory Management,Territory Assignment,Build assignment interface,5,P0,Territory management,Create model
Month 2,Residential MVP,Residential - Groups,Affinity Groups,Group Structure,Create affinity group model,5,P0,Customer grouping,Configure database
Month 2,Residential MVP,Residential - Groups,Ownership Groups,Group Structure,Create ownership group model,5,P0,Ownership tracking,Configure database
Month 2,Residential MVP,Residential - Contacts,Contact Management,Contact CRUD,Create contact data model,3,P0,Contact tracking,Configure database
Month 2,Residential MVP,Residential - Contacts,Contact Management,Contact Views,Build list and detail views,5,P1,Contact overview,Create model
Month 2,Residential MVP,Residential - Activities,Activity Timeline,Activity Model,Create activity data model,5,P0,Interaction tracking,Configure database
Month 2,Residential MVP,Residential - Activities,Activity Timeline,Timeline View,Build activity timeline,8,P0,Activity history,Create model
Month 2,Residential MVP,Residential - Activities,Activity Timeline,Quick Add,Implement activity quick-add,3,P1,Quick logging,Build timeline
Month 2,Residential MVP,Residential - Leads,Lead Pipeline,Lead Management,Create lead data model,5,P0,Lead tracking,Configure database
Month 2,Residential MVP,Residential - Leads,Lead Pipeline,Pipeline Board,Build Kanban board,8,P0,Lead progression,Create model
Month 2,Residential MVP,Residential - Leads,Lead Pipeline,Lead Forms,Build detail and edit forms,5,P0,Lead details,Create model
Month 2,Residential MVP,Residential - Leads,Lead Conversion,Workflow,Build conversion workflow,8,P0,Lead to customer,Build forms
Month 2,Residential MVP,Residential - Leads,Lead Conversion,Auto Creation,Auto customer creation,5,P0,Seamless conversion,Build workflow
Month 2,Residential MVP,Admin,User Management,Bulk Operations,Bulk user operations,5,P1,User admin efficiency,Build UI
Month 2,Residential MVP,Notifications,Residential Notif,Order Notifications,New order notifications,3,P0,Order alerts,Build service
Month 2,Residential MVP,Notifications,Residential Notif,Order Notifications,Order shipped notifications,3,P0,Shipping alerts,Build service
Month 3,Residential Core,Residential - Territory,Territory Management,Territory Visualization,Implement territory map,8,P1,Visual territory mgmt,Build interface
Month 3,Residential Core,Residential - Territory,Territory Management,Territory Restructuring,Build restructuring tools,5,P1,Territory flexibility,Implement map
Month 3,Residential Core,Residential - Territory,Territory Management,Territory Reporting,Territory performance dashboard,8,P1,Territory insights,Build interface
Month 3,Residential Core,Residential - Groups,Group Management,Group Interface,Build group management UI,8,P0,Group management,Create models
Month 3,Residential Core,Residential - Groups,Group Management,Group Visualization,Implement hierarchy visualization,8,P1,Visual hierarchy,Build UI
Month 3,Residential Core,Residential - Groups,Roll-up Reporting,Calculations,Implement roll-up calculations,8,P0,Group analytics,Create models
Month 3,Residential Core,Residential - Groups,Roll-up Reporting,Reports,Build group performance reports,5,P1,Group insights,Implement calculations
Month 3,Residential Core,Residential - Contacts,Contact Management,Interaction Logging,Implement interaction logging,5,P1,Contact history,Build views
Month 3,Residential Core,Residential - Leads,Lead Scoring,AI Scoring,Implement AI lead scoring,13,P1,Lead prioritization,Create model
Month 3,Residential Core,Residential - Leads,Lead Analytics,Dashboard,Build analytics dashboard,8,P1,Lead insights,Build board
Month 3,Residential Core,Notifications,Residential Notif,CIS Notifications,CIS received notifications,3,P0,CIS alerts,Build parser
Month 3,Residential Core,Notifications,Residential Notif,Onboarding Notif,Onboarding step notifications,3,P0,Onboarding alerts,Create engine
Month 4,Residential Advanced,Residential - CIS,CIS Automation,Email Parser,Design CIS email parser,13,P0,Automated CIS processing,Configure database
Month 4,Residential Advanced,Residential - CIS,CIS Automation,Auto Population,Build auto-population service,13,P0,CIS automation,Design parser
Month 4,Residential Advanced,Residential - CIS,CIS Automation,Review UI,CIS review and approval UI,5,P0,CIS validation,Build service
Month 4,Residential Advanced,Residential - CIS,CIS Automation,Template Mgmt,Build template management,5,P1,CIS flexibility,Design parser
Month 4,Residential Advanced,Residential - Onboarding,Onboarding Workflow,Workflow Engine,Create workflow engine,13,P0,Onboarding automation,Configure database
Month 4,Residential Advanced,Residential - Onboarding,Onboarding Workflow,Task Checklist,Build task checklist,8,P0,Onboarding tracking,Create engine
Month 4,Residential Advanced,Residential - Onboarding,Onboarding Workflow,Notifications,Onboarding notifications,5,P0,Onboarding alerts,Create engine
Month 4,Residential Advanced,Residential - Onboarding,Onboarding Workflow,Dashboard,Build onboarding dashboard,5,P1,Onboarding overview,Build checklist
Month 4,Residential Advanced,Integration - Acumatica,Acumatica Integration,API Setup,Research Acumatica API,5,P0,ERP integration,None
Month 4,Residential Advanced,Integration - Acumatica,Acumatica Integration,API Setup,Setup API authentication,5,P0,Secure ERP access,Research API
Month 4,Residential Advanced,Integration - Acumatica,Acumatica Integration,API Setup,Build integration service,8,P0,ERP connectivity,Setup auth
Month 4,Residential Advanced,Integration - Acumatica,Customer Sync,Customer Data,Customer sync Acu to CRM,13,P0,Single source of truth,Build service
Month 4,Residential Advanced,Integration - Acumatica,Customer Sync,Monitoring,Build sync monitoring,5,P1,Sync health,Implement sync
Month 5,Residential Training,Residential - Training,Training Scheduling,Calendar,Create training data model,5,P0,Training tracking,Configure database
Month 5,Residential Training,Residential - Training,Training Scheduling,Calendar View,Build calendar view,8,P0,Training schedule,Create model
Month 5,Residential Training,Residential - Training,Training Scheduling,Scheduling Form,Training scheduling form,8,P0,Training setup,Create model
Month 5,Residential Training,Residential - Training,Training Scheduling,Availability,Trainer availability mgmt,5,P0,Trainer scheduling,Create model
Month 5,Residential Training,Residential - Training,Training Scheduling,Outlook Sync,Integrate Outlook calendar,8,P1,Calendar integration,Build calendar
Month 5,Residential Training,Residential - Training,Training Tracking,Completion,Training completion tracking,5,P0,Training completion,Create model
Month 5,Residential Training,Residential - Training,Training Tracking,Completion Form,Build completion form,5,P0,Mobile completion,Implement tracking
Month 5,Residential Training,Residential - Training,Training Tracking,Reports,Build training reports,8,P0,Training insights,Implement tracking
Month 5,Residential Training,Residential - Training,Training Tracking,Analytics,Training analytics dashboard,8,P1,Training trends,Build reports
Month 5,Residential Training,Residential - Training,Certification,Cert Model,Create certification model,5,P1,Cert tracking,Configure database
Month 5,Residential Training,Residential - Training,Certification,Cert Interface,Build cert tracking interface,8,P1,Cert management,Create model
Month 5,Residential Training,Residential - Training,Certification,Alerts,Cert expiration alerts,3,P1,Cert renewal,Create model
Month 5,Residential Training,Residential - Training,Trainer Management,Trainer Model,Create trainer data model,3,P1,Trainer mgmt,Configure database
Month 5,Residential Training,Residential - Training,Trainer Management,Trainer Views,Build list and profile views,5,P1,Trainer overview,Create model
Month 5,Residential Training,Residential - Training,Trainer Management,Performance,Trainer performance dashboard,8,P1,Trainer insights,Build views
Month 5,Residential Training,Notifications,Residential Notif,Training Notif,Training scheduled notifications,3,P0,Training alerts,Build calendar
Month 5,Residential Training,Notifications,Residential Notif,Training Notif,Training reminder notifications,3,P1,Training reminders,Build calendar
Month 6,Residential Analytics,Residential - Reporting,Report Builder,Report Engine,Design report architecture,13,P0,Custom reporting,Configure database
Month 6,Residential Analytics,Residential - Reporting,Report Builder,Parameter UI,Build parameter selection UI,8,P0,Report customization,Design architecture
Month 6,Residential Analytics,Residential - Reporting,Report Builder,Execution,Report execution engine,13,P0,Report generation,Design architecture
Month 6,Residential Analytics,Residential - Reporting,Report Builder,Visualization,Build visualization components,8,P0,Data visualization,Implement engine
Month 6,Residential Analytics,Residential - Reporting,Report Builder,Export,Report export functionality,5,P0,Report sharing,Implement engine
Month 6,Residential Analytics,Residential - Reporting,Pre-Built Reports,Sales Reports,Build TM sales report,5,P0,TM performance,Implement engine
Month 6,Residential Analytics,Residential - Reporting,Pre-Built Reports,Sales Reports,Build RM sales report,5,P0,RM performance,Implement engine
Month 6,Residential Analytics,Residential - Reporting,Pre-Built Reports,Sales Reports,Affinity group sales report,5,P0,Group insights,Implement rollup
Month 6,Residential Analytics,Residential - Reporting,Pre-Built Reports,Sales Reports,Ownership group sales report,5,P0,Ownership insights,Implement rollup
Month 6,Residential Analytics,Residential - Reporting,Pre-Built Reports,Activity Reports,Training completion report,3,P0,Training metrics,Build training reports
Month 6,Residential Analytics,Residential - Dashboards,Role Dashboards,TM Dashboard,Build TM dashboard,8,P0,TM workspace,Build reports
Month 6,Residential Analytics,Residential - Dashboards,Role Dashboards,RM Dashboard,Build RM dashboard,8,P0,RM workspace,Build reports
Month 6,Residential Analytics,Residential - Dashboards,Role Dashboards,VP Dashboard,Build VP dashboard,8,P0,Executive view,Build reports
Month 6,Residential Analytics,Residential - Dashboards,Role Dashboards,BD Dashboard,Build BD dashboard,8,P1,Lead workspace,Build lead analytics
Month 6,Residential Analytics,Integration - Acumatica,Order Sync,Order Data,Order sync Acu to CRM,13,P0,Order visibility,Build service
Month 6,Residential Analytics,Integration - Acumatica,Order Sync,Display,Order display in customer,5,P0,Order history,Implement sync
Month 6,Residential Analytics,Integration - Acumatica,Financial Sync,Financial Data,Financial sync Acu to CRM,13,P0,Financial visibility,Build service
Month 6,Residential Analytics,Integration - Acumatica,Financial Sync,Reports,Financial reports with Acu data,8,P0,Accurate reporting,Implement sync
Month 6,Residential Analytics,Integration - Acumatica,Sync Monitoring,Health Check,Integration health monitoring,5,P1,Integration health,Build service
Month 6,Residential Analytics,Integration - Acumatica,Sync Monitoring,Error Resolution,Error resolution UI,5,P1,Sync recovery,Build monitoring
Month 6,Residential Analytics,Integration - Acumatica,Sync Monitoring,Scheduling,Scheduled sync jobs,5,P0,Automated sync,Build service
